comment_id,author,body,score,created_utc,is_top_level,parent_id,permalink,edited,gilded,controversiality
muq6ld7,gardenvariety_,"I got from 75 to 100 nmol/L (not ng/L) but it took a year. I was prescribed tablets but at some point changed to softgel capsules and within a few weeks of that change, I swear I felt better. So I now think some supplements and form theyâ€™re taken in will vary. A holistic health person I see has since told me you absorb more from capsules than tablets - from anything, she wasnâ€™t referring to Vitamin D specifically. I was using Natures Plus softgels but brand may not matter. 

Iâ€™m in ireland so also get watery light most of the year and my doctor has told me that getting sun here in general is not going to help vitamin d much. She was delighted when I went on a trip to Australia as she said Iâ€™d finally get some proper vitamin D sunshine lol

Edited to specify our labs here are nmol not ng so upper limit of normal is about 125nmol. 75nmol is about 30ng.",28,2025-05-28 18:42:23,TRUE,t3_1kxlbc9,https://reddit.com/r/Supplements/comments/1kxlbc9/vitamin_d_supplements_vs_15_minutes_of_sun_why_is/muq6ld7/,1748497378,0,0
muq6sl7,MYKEGOODS,Consider adding boron 3-6mg which enhances D3 activation. You could also increase the dose to 10K IU and retest in 3 months.,17,2025-05-28 18:43:22,TRUE,t3_1kxlbc9,https://reddit.com/r/Supplements/comments/1kxlbc9/vitamin_d_supplements_vs_15_minutes_of_sun_why_is/muq6sl7/,FALSE,0,0
muqo86m,smayonak,ChatGPT also left out the most obvious reason: the supplement market is largely unregulated and most non ISO certified D3 supplements don't have anywhere near the advertised amount of D3 in them. It's better to buy D3 at costco because they do their own testing on supplements.,14,2025-05-28 20:07:43,FALSE,t1_muq4lml,https://reddit.com/r/Supplements/comments/1kxlbc9/vitamin_d_supplements_vs_15_minutes_of_sun_why_is/muqo86m/,FALSE,0,0
muq3oic,dranaei,"Take this with a grain of salt, i was just curious if i posted an image of your post to chatgpt, what it would say. 

A few thoughts on why their D-levels arenâ€™t climbing as expectedâ€”and what they might try next:

1. Check for Absorption Issues

Gut health: Conditions like celiac, IBD or even low stomach acid can blunt fat-soluble vitamin uptake. A simple stool test for pancreatic elastase or a round of a digestiveâ€support protocol (e.g. betaine HCl, ox bile) might help.

Medications: Some anticonvulsants, glucocorticoids or even certain weight-loss drugs interfere with D absorption or conversion.



2. Body Composition & Storage

Adipose sequestration: Vitamin D is fat-soluble, so higher body-fat percentages can â€œlock awayâ€ more D in fat tissue. If theyâ€™re carrying extra body fat, they may simply need a higher dose to saturate those stores before serum levels rise.



3. Dose & Form Adjustment

Split dosing: Instead of one big 5 000 IU pill, try 2 500 IU twice daily (with each fatty meal) to maintain steadier blood levels.

Dâ‚‚ vs. Dâ‚ƒ: Though Dâ‚ƒ usually wins on efficacy, some people absorb Dâ‚‚ better. A brief trial of a reputable Dâ‚‚ supplement (e.g., ergocalciferol) could be informative.

Calcidiol (25(OH)D) prescription: In some countries doctors can prescribe the active circulating form, which bypasses the liverâ€conversion step.



4. Magnesium & Co-Factors

Magnesium status: Even if supplementing, testing serum (and ideally RBC) magnesium can reveal subclinical deficiency. Magnesium is needed for both 25- and 1,25-hydroxylase activity.

Vitamin A & Kâ‚‚: You need vitamin A (in balance) and Kâ‚‚ to properly shuttle calcium once D levels rise. If theyâ€™re taking Kâ‚‚, ensure the form is MK-7 at a bioactive dose (~100â€“200 Î¼g/day).



5. Sunlight / UVB Therapy

UVB lamp: In northern latitudes winter sun often lacks UVB. A home UVB lamp (e.g., 280â€“315 nm) for just 5â€“10 minutes on arms/legs a few times a week can mimic summer sun production.

Safe sun scheduling: On brighter days, even a quick 10 min midday walk with face and arms exposed can yield 1 000â€“2 000 IU of natural D.



6. Rule Out Rare Genetic Causes

Vitamin D-binding protein (DBP) variants can lower â€œtotalâ€ 25(OH)D readings while free D remains sufficient. A specialized panel can check DBP levels or free-D.



7. Re-Test & Track

After any changeâ€”higher/split dosing, UVB lamp, gut supportâ€”recheck at 8â€“12 weeks.

Keep a simple log: dose, meal type, sun exposure, gut-support protocol, and resulting levels. Patterns often emerge.





---

Bottom line: low response to Dâ‚ƒ supplements often comes down to absorption/storage or co-factor gaps. By layering in digestive support, tweaking dose and form, adding safe UVB exposure, and confirming magnesium/K status, theyâ€™ll have the best shot at bumping that 22 ng/mL well into the 40â€“60 ng/mL â€œoptimalâ€ range.",13,2025-05-28 18:27:47,TRUE,t3_1kxlbc9,https://reddit.com/r/Supplements/comments/1kxlbc9/vitamin_d_supplements_vs_15_minutes_of_sun_why_is/muq3oic/,FALSE,0,0
muqkkpf,--Vercingetorix--,"I had chronically low Vit. D because of mycotoxins, because they seem to block calcium metabolism. People with these toxins need 20K IU per day. 

[https://pubmed.ncbi.nlm.nih.gov/2275121/](https://pubmed.ncbi.nlm.nih.gov/2275121/)

Of course, it doesn't mean you have. But it could be something similar, screwing the absorption or something like that. I would look in the literature for a cause.",10,2025-05-28 19:50:46,TRUE,t3_1kxlbc9,https://reddit.com/r/Supplements/comments/1kxlbc9/vitamin_d_supplements_vs_15_minutes_of_sun_why_is/muqkkpf/,FALSE,0,0
murenp2,dagobahh,"No, you don't have to work your way up.  Doctors regularly prescribe anywhere from 50,000 or even more IU's (single dose).  With your levels so low, it would take months to get above 90.  And you can have your levels checked.",9,2025-05-28 22:13:08,FALSE,t1_muq823w,https://reddit.com/r/Supplements/comments/1kxlbc9/vitamin_d_supplements_vs_15_minutes_of_sun_why_is/murenp2/,FALSE,0,0
mur64vx,amredaa,"One thing should be mentioned the skin complexion. People with darker skin needs more sun exposure to produce the same amount of Vitamin D. 

Also, I'd recommend trying a different brand. There some variability between different brands and it not well controlled. 

The following is per BNF UK guidance 

Several vitamin D loading dose treatment regimens are available, including [ROS, 2018]:
.50,000 IU once a week for 6 weeks (300,000 IU in total).
.40,000 IU once a week for 7 weeks (280,000 IU in total).
.1000 IU four times a day for 10 weeks (280,000 IU in total).
.800 IU five times a day for 10 weeks (280,000 IU in total).

Once completed the loading dose, you should continue on maintenance dose 800-2000 IU daily. 

Good luck!",7,2025-05-28 21:32:51,TRUE,t3_1kxlbc9,https://reddit.com/r/Supplements/comments/1kxlbc9/vitamin_d_supplements_vs_15_minutes_of_sun_why_is/mur64vx/,FALSE,0,0
mutdp12,Everything-possible1,"You took 5k IU for 8 months, got basically no change and still say â€œ10k IU will be a big jump from current 5kâ€?? 5k wonâ€™t cut it for you, you should try and bump it up. Thereâ€™s almost no risks.",5,2025-05-29 04:35:32,FALSE,t1_muq823w,https://reddit.com/r/Supplements/comments/1kxlbc9/vitamin_d_supplements_vs_15_minutes_of_sun_why_is/mutdp12/,FALSE,0,0
muq9rg4,MYKEGOODS,"Boron increased my D3 levels without increasing my D3 supplement.  
  
10K is regularly prescribed by doctors when D3 is very low. This is only short term then lowered when levels are good. Pregnant women are regularly given 10K straight from the jump.",5,2025-05-28 18:57:53,FALSE,t1_muq82wa,https://reddit.com/r/Supplements/comments/1kxlbc9/vitamin_d_supplements_vs_15_minutes_of_sun_why_is/muq9rg4/,FALSE,0,0
muq50db,dranaei,"I asked for a simpler response. Also be mindful, it does make mistakes. 

Hereâ€™s a superâ€simple checklist your friend can try:

Split the Dose

Instead of one 5 000 IU pill, take 2 500 IU with breakfast and 2 500 IU with dinner.

Boost Absorption

Make sure itâ€™s always with a fat-rich meal (e.g. avocado, cheese or olive oil).

If digestion is poor, try a basic digestive aid (a teaspoon of apple-cider vinegar before meals).

Add a UVB Lamp

In winter, natural sun in the Netherlands wonâ€™t cut it.

A 5â€“10 minute session, arms and legs uncovered, a few times a week can make a big difference.

Check Magnesium

Vitamin D needs magnesium to work.

If you havenâ€™t tested it, a low-dose supplement (100â€“200 mg/day) can help levels rise.

After making one or two of these changes, re-test in 8â€“12 weeks. That should push you well into the â€œsufficientâ€ range.",4,2025-05-28 18:34:27,FALSE,t1_muq4lml,https://reddit.com/r/Supplements/comments/1kxlbc9/vitamin_d_supplements_vs_15_minutes_of_sun_why_is/muq50db/,FALSE,0,0
muq61ta,GangstaRIB,"Maybe also take with omega 3s, cod liver oil and a magnesium supplement. Go outside for lunch breaks too. Exercise, etc. Does your friends diet differ? Lots of fish?",4,2025-05-28 18:39:41,TRUE,t3_1kxlbc9,https://reddit.com/r/Supplements/comments/1kxlbc9/vitamin_d_supplements_vs_15_minutes_of_sun_why_is/muq61ta/,FALSE,0,0
mutwgrc,doesitrungoogle,"When you say buy D3 at Costco, are you referring to buying any D3 vitamins that are sold at Costco? Or only the Kirkland brand? Iâ€™ve been taking the Sports Research brand combo of 5000 IU of D3 + 100 mcg of K2 (MK-7) soft gels for the past 3 weeks or so that I bought at Costco. I also bought and have been taking the Sports Research brand of Magnesium L-Threonate 2000mg at Costco too and Qunol Magnesium Glycinate 300mg.",3,2025-05-29 06:43:43,FALSE,t1_muqo86m,https://reddit.com/r/Supplements/comments/1kxlbc9/vitamin_d_supplements_vs_15_minutes_of_sun_why_is/mutwgrc/,FALSE,0,0
muqpg7s,emad93,Try to buy liposomal vitamin d with k2 from Amazon.,3,2025-05-28 20:13:32,TRUE,t3_1kxlbc9,https://reddit.com/r/Supplements/comments/1kxlbc9/vitamin_d_supplements_vs_15_minutes_of_sun_why_is/muqpg7s/,FALSE,0,0
murmuc8,redheadedalex,"Happy to answer all of these! So to be honest I kind of knew something was always wrong with me. I would have crippling stomach pains at school (but it's just anxiety!) and I would get sick after breakfast as a kid. I was also a very fussy unhappy baby and according to my mom I was never happy. I also had very very weak teeth, as a teen they just crumbled (but that was my fault for not brushing! OK?? But I did brush...  And my gums ALWAYS bled) when I was put in foster care they said I  was malnourished and should improve when on a proper diet. Too bad foster teens get fed ramen exclusively.... I was always on the verge of sick but not sick enough that anybody took me seriously. I got tested for all kinds of stuff, including heart failure and epilepsy. I had VERY bad pmdd and would actually attempt suicide at the same time of my cycle. I learned way later that this is very common in people with undiagnosed celiac, the constant cortisol and histamine levels make you literally truly feel crazy. I also tried to lose weight and succeeded when not eating carbs, but would get so sick on cheat days. Then I would be absolutely starving to the point hat I would binge which led to a dx of binge eating disorder. I was never full but always bloated or having diarrhea or constipation. 

But what led to me figuring it out ironically was me telling a friend that I thought HE had it due to his complexion (fair, gingerish) and when looking up symptoms I saw the hundreds that are related, and saw this rash that is more or less only celiac related. I can't remember the name of the rash but I've had it come and go since I was a kid. My mother swore it was from wearing rings even though I didn't have any rings ðŸ˜‚ðŸ˜‚ if you Google celiac disease hand rash it'll come up.

I went gluten free for two days just to see if this might be a thing. I was gonna go longer but literally forgot and bit into a cupcake and within 20 minutes I was shitting my brains out. So I knew. I've met one or two people who DON'T have that response to gluten, rather they will get flu like symptoms a day or two after having it. My hypothesis is their immune response is slowed due to them being off gluten longer than I was.

So I figured it out myself. I was considering doign a blood test but those have a pretty high false negative rate and the only surefire way to know is endoscopy. I don't need that when like I say I get INSTANTLY sick around even tiny amounts of it. I felt different within days without it... My clarity was there, my mood stabilized. My heavy emotions were gone, insomnia gone, joint pain gone. Bloating gone... So many more. I've just continued to get more and more healthy since. And I get glutened every now and then and it fucking knocks me on my ass. Otherwise my immune system is great. I went back to this doctor after a year of no gluten and she was like ""oh my daughter has that too"" WOMAN??!!! HELLO??? I was fuming. THAT is the level of carelessness in the medical industry. Everything gets a pill and when the pill doesn't work it's your fault!!! Ridiculous. But she tested everything and within a year I was in normal levels. I still supplement here and there because I live in a place with very long winters, and I work inside sometimes. But yeah hopefully that helps!!!",3,2025-05-28 22:51:14,FALSE,t1_murd7lk,https://reddit.com/r/Supplements/comments/1kxlbc9/vitamin_d_supplements_vs_15_minutes_of_sun_why_is/murmuc8/,FALSE,0,0
mutbgiz,spreadlove5683,Is being at 100 more desirable than 75? I thought 100 was a bit high in my limited understanding. Are you talking ng/mL?,3,2025-05-29 04:22:05,FALSE,t1_muq6ld7,https://reddit.com/r/Supplements/comments/1kxlbc9/vitamin_d_supplements_vs_15_minutes_of_sun_why_is/mutbgiz/,1748485980,0,0
mus7bo2,alnm952,I got from 2 ng/l to 73 ng/l in ~5 months of 10.000 iu daily (d3+k2 from MicroIngredients). Wasn't expecting that improvement on such a cheap brand (a bag with 300 capsules I think it was 22usd),2,2025-05-29 00:35:06,TRUE,t3_1kxlbc9,https://reddit.com/r/Supplements/comments/1kxlbc9/vitamin_d_supplements_vs_15_minutes_of_sun_why_is/mus7bo2/,FALSE,0,0
muu1ohf,doesitrungoogle,Thank you!,2,2025-05-29 07:26:37,FALSE,t1_muu1ddn,https://reddit.com/r/Supplements/comments/1kxlbc9/vitamin_d_supplements_vs_15_minutes_of_sun_why_is/muu1ohf/,FALSE,0,0
mutm9lw,Fragrant-Corner7471,Iv read that anything over 80 is not good due to toxicity,2,2025-05-29 05:29:23,FALSE,t1_muq6ld7,https://reddit.com/r/Supplements/comments/1kxlbc9/vitamin_d_supplements_vs_15_minutes_of_sun_why_is/mutm9lw/,FALSE,0,0
mutnj8a,Fragrant-Corner7471,Did your doctor say itâ€™s ok to just take 5000iu for the week just one tablet,2,2025-05-29 05:37:59,FALSE,t1_muqfz8c,https://reddit.com/r/Supplements/comments/1kxlbc9/vitamin_d_supplements_vs_15_minutes_of_sun_why_is/mutnj8a/,FALSE,0,0
muu2zt5,gardenvariety_,"Sorry no, nmol/L so upper limit is 125 and doctor feels higher in range is optimal. Iâ€™ll edit my post to clarify, didnâ€™t realise some places uses ng!",2,2025-05-29 07:37:52,FALSE,t1_mutbgiz,https://reddit.com/r/Supplements/comments/1kxlbc9/vitamin_d_supplements_vs_15_minutes_of_sun_why_is/muu2zt5/,FALSE,0,0
muqcj3n,gardenvariety_,"Yes itâ€™s pretty depressing! But I suppose the honesty is good lol. 

I felt better within maybe 2 weeks. Maybe it could have been due to something else but I found that if I skipped them even for a day Iâ€™d be more tired and irritable by night time! I was very consistent with taking them. And yes, way slower increase than I expected as well. I was shocked. Happy to be in a more optimal range and I do think it helped, but still shocked. I did take K2 also.",2,2025-05-28 19:11:36,FALSE,t1_muq988d,https://reddit.com/r/Supplements/comments/1kxlbc9/vitamin_d_supplements_vs_15_minutes_of_sun_why_is/muqcj3n/,FALSE,0,0
muq3pwu,ihavethekavorka,"Taking with a fatty meal is good, but it could be possible that your digestive system is still inhibiting absorption due to digestive disease. 
Do you experience any digestive symptoms to do with eating meals or to do with eliminating (stools)?
Do you have any other health conditions otherwise?",2,2025-05-28 18:27:59,TRUE,t3_1kxlbc9,https://reddit.com/r/Supplements/comments/1kxlbc9/vitamin_d_supplements_vs_15_minutes_of_sun_why_is/muq3pwu/,FALSE,0,0
muqb7cd,ihavethekavorka,"Common digestive disorders that can affect absorption in the small intestine are things like celiac disease, inflammatory bowel disease, even SIBO (small intestinal bacterial overgrowth). These generally come along with other symptoms, like abdominal pain, diarrhea, bloating, constipation, bloody stools, mucus in stools.   
They aren't always easy to spot but a lot of the times come with these common complaints.",2,2025-05-28 19:05:02,FALSE,t1_muq56jr,https://reddit.com/r/Supplements/comments/1kxlbc9/vitamin_d_supplements_vs_15_minutes_of_sun_why_is/muqb7cd/,FALSE,0,0
muqddan,kilogplastos-12,Welke magnesium vorm neem je in ?,2,2025-05-28 19:15:43,TRUE,t3_1kxlbc9,https://reddit.com/r/Supplements/comments/1kxlbc9/vitamin_d_supplements_vs_15_minutes_of_sun_why_is/muqddan/,FALSE,0,0
muq3es2,kmlon1998,Do you take any medications? Some can affect absorbtion of vitamin d supplements. You could also maybe try oil-based drops/sprays which go directly into the bloodstream.,2,2025-05-28 18:26:27,TRUE,t3_1kxlbc9,https://reddit.com/r/Supplements/comments/1kxlbc9/vitamin_d_supplements_vs_15_minutes_of_sun_why_is/muq3es2/,FALSE,0,0
muq5jdg,kmlon1998,"Yes I've used them before and corrected my deficiency with them, they bypass the digestive system. You put it under your tounge yes.",2,2025-05-28 18:37:05,FALSE,t1_muq4xxl,https://reddit.com/r/Supplements/comments/1kxlbc9/vitamin_d_supplements_vs_15_minutes_of_sun_why_is/muq5jdg/,FALSE,0,0
muqtdhk,redheadedalex,"I was prescribed a supplement due to chronically low levels. Two YEARS of not having any improvement, doc thought I was lyign about taking them.

Turns out I had celiac disease. Once I was able to heal my intestines after stopping gluten I could absorb the vitamins like never before. Normal levels now.

Lots and lots of celiac symptoms out there and it's wildly underdiagnosed. Happy to chat more if you want mroe info.",2,2025-05-28 20:32:11,TRUE,t3_1kxlbc9,https://reddit.com/r/Supplements/comments/1kxlbc9/vitamin_d_supplements_vs_15_minutes_of_sun_why_is/muqtdhk/,FALSE,0,0
muu1ddn,smayonak,Costco has published on their site that any supplement that they sell has been tested to make sure it contains what is advertised. So both the d3 and magnesium that you're taking should be fine.,2,2025-05-29 07:24:01,FALSE,t1_mutwgrc,https://reddit.com/r/Supplements/comments/1kxlbc9/vitamin_d_supplements_vs_15_minutes_of_sun_why_is/muu1ddn/,FALSE,0,0
muqmo0r,theoracleiam,"IT'S GENETICS.  



You're literally in the place where the genes associated with shitty Vit D levels come from",2,2025-05-28 20:00:25,TRUE,t3_1kxlbc9,https://reddit.com/r/Supplements/comments/1kxlbc9/vitamin_d_supplements_vs_15_minutes_of_sun_why_is/muqmo0r/,FALSE,0,0
mut7wwt,_modoff_,"You can get approx. 2k-10k iu from the sun in about 30 mins during summer time from your arms and legs.   You got a lot of supplement advice, but the sun actually can provide a ton of Vitamin D in a short period of time.  I live in a similar climate and take 5-10k IU supplement in the winter months, and 2-4k in the summer with 10-15 mins a day of sun exposure wearing just a swim suit.",1,2025-05-29 04:01:15,TRUE,t3_1kxlbc9,https://reddit.com/r/Supplements/comments/1kxlbc9/vitamin_d_supplements_vs_15_minutes_of_sun_why_is/mut7wwt/,FALSE,0,0
muuvhet,1337_one,"If you want vit d sups to be absorbed well, take magnesium and vit k2 sups with it as well. 
Speak to ur doc or a good nutritionist about possible gut issues and other conditions like crohns disease that can lead to reduced absorption",1,2025-05-29 12:08:39,TRUE,t3_1kxlbc9,https://reddit.com/r/Supplements/comments/1kxlbc9/vitamin_d_supplements_vs_15_minutes_of_sun_why_is/muuvhet/,FALSE,0,0
muupymd,AdministrativeAir743,If your D level is too low try to take 50000 ui weekly and when your D level rises you can continue with 5000 daily,1,2025-05-29 11:16:56,TRUE,t3_1kxlbc9,https://reddit.com/r/Supplements/comments/1kxlbc9/vitamin_d_supplements_vs_15_minutes_of_sun_why_is/muupymd/,FALSE,0,0
murzxch,amredaa,"I haven't tried different brands but the guidance in the UK suggests to prescribe by brand name and not the generic name (not the usual practice) which makes me think different brands have different strengths/concentration. 

I'm currently on a loading dose (40,000 IU per week for 7 weeks). Mood generally better, less fatigue, less muscle aches.",1,2025-05-28 23:55:31,FALSE,t1_murcoet,https://reddit.com/r/Supplements/comments/1kxlbc9/vitamin_d_supplements_vs_15_minutes_of_sun_why_is/murzxch/,FALSE,0,0
muuv0wd,CompetitiveRead8495,If you were chronically deficient your vitD metabolism was probably downregulated and it's now trying to reach new homeostasis so all your new vitD is being consumed. Keep at it and check again in a few months,1,2025-05-29 12:04:33,TRUE,t3_1kxlbc9,https://reddit.com/r/Supplements/comments/1kxlbc9/vitamin_d_supplements_vs_15_minutes_of_sun_why_is/muuv0wd/,FALSE,0,0
mur085n,Critkip,You might need a higher dose.,1,2025-05-28 21:04:49,TRUE,t3_1kxlbc9,https://reddit.com/r/Supplements/comments/1kxlbc9/vitamin_d_supplements_vs_15_minutes_of_sun_why_is/mur085n/,FALSE,0,0
murfhn9,dagobahh,"As for the sun, I have almost completely stopped taking D supplements and rely solely on sunshine.  The dminder app informs me my levels are currently at 69.  I do believe your body's natural production is far superior than any oral supplement.  Added bonus, you can't typically overdose from this form of D.",1,2025-05-28 22:17:04,TRUE,t3_1kxlbc9,https://reddit.com/r/Supplements/comments/1kxlbc9/vitamin_d_supplements_vs_15_minutes_of_sun_why_is/murfhn9/,FALSE,0,0
muq98k8,DigitalScrap,"I had similar levels, and it took just about 9 months for mine to increase.  I was taking 15000iu daily, and that got me a little too much as I was at 107 when I had labs done, so I am now taking 5000iu daily.

I will see where am when I have labs done again, but I am hoping to be somewhere between 50 - 100.

I am not recommending that you bump up your D3 without speaking with your doctor though.    
  
My wife was given a very high dose D3 that she took once per week to get her levels normal,.",1,2025-05-28 18:55:19,TRUE,t3_1kxlbc9,https://reddit.com/r/Supplements/comments/1kxlbc9/vitamin_d_supplements_vs_15_minutes_of_sun_why_is/muq98k8/,FALSE,0,0
mur68f8,Even_Thought_8457,Do you suffer from constipation or any digestive problems? Do you go to the toilet on time?,1,2025-05-28 21:33:20,TRUE,t3_1kxlbc9,https://reddit.com/r/Supplements/comments/1kxlbc9/vitamin_d_supplements_vs_15_minutes_of_sun_why_is/mur68f8/,FALSE,0,0
muto66y,Fragrant-Corner7471," NOW Brand is American ,and doesnâ€™t have basically any fillers from what iv seen",1,2025-05-29 05:42:24,FALSE,t1_murtbl1,https://reddit.com/r/Supplements/comments/1kxlbc9/vitamin_d_supplements_vs_15_minutes_of_sun_why_is/muto66y/,FALSE,0,0
muvvaqh,frappylux,"I had to ramp up progressively to 5000 IU to get decent bloodwork levels. That was during the winter. Then after 2 weeks of 30mn to 2 hours daily sun exposure this spring I checked my again and only 1% increase. So Iâ€™m still on 5000 IU, despite sun exposure.",1,2025-05-29 16:01:03,TRUE,t3_1kxlbc9,https://reddit.com/r/Supplements/comments/1kxlbc9/vitamin_d_supplements_vs_15_minutes_of_sun_why_is/muvvaqh/,FALSE,0,0
muqcona,GangstaRIB,"Sure I get it. But if itâ€™s an option itâ€™s worth it and youâ€™ll likely be more productive. Iâ€™m from America so Iâ€™m very familiar with the concept that a company owns your freedom.

I havenâ€™t tested my levels but omega 3 are good for inflammation and the lunch break outside is good for lowering stress hormones. 

Stress is very hard on the body.",1,2025-05-28 19:12:21,FALSE,t1_muq6soa,https://reddit.com/r/Supplements/comments/1kxlbc9/vitamin_d_supplements_vs_15_minutes_of_sun_why_is/muqcona/,FALSE,0,0
muql4n4,GangstaRIB,Ya I donâ€™t get to much but it definitely seems to help the afternoon go faster when I do.,1,2025-05-28 19:53:18,FALSE,t1_muqdnx5,https://reddit.com/r/Supplements/comments/1kxlbc9/vitamin_d_supplements_vs_15_minutes_of_sun_why_is/muql4n4/,FALSE,0,0
muu363a,gardenvariety_,Editing my reply now to clarify that our labs are in nmol/L not ng/L. Upper limit of normal range for nmol is about 125. Didnâ€™t realise other regions use ng,1,2025-05-29 07:39:24,FALSE,t1_mutm9lw,https://reddit.com/r/Supplements/comments/1kxlbc9/vitamin_d_supplements_vs_15_minutes_of_sun_why_is/muu363a/,FALSE,0,0
muq80ev,he_madegraduation,What is the brand maybe it does not actually contain what is says it does,1,2025-05-28 18:49:20,TRUE,t3_1kxlbc9,https://reddit.com/r/Supplements/comments/1kxlbc9/vitamin_d_supplements_vs_15_minutes_of_sun_why_is/muq80ev/,FALSE,0,0
muqtsvz,he_madegraduation,"You can probably figure out by switching brands while keeping your diet, sleep and daily routine the same.
Personally when i switched magnesium brands i also completely changed up my diet so i would not have been able to tell which magnesium brand was better",1,2025-05-28 20:34:15,FALSE,t1_muqa4lj,https://reddit.com/r/Supplements/comments/1kxlbc9/vitamin_d_supplements_vs_15_minutes_of_sun_why_is/muqtsvz/,FALSE,0,0
murtbl1,Intelligent-Elk-4806,"I am also very deficient although I live on East Coast and spend about 7 months out of the whole year at the beach. There are a lot of debates if the sunlight alone can really help with the levels of D3 THAT much if you are deficient.
Please be mindful of what and how you take. Some people mentioned that 10,0000 IU will be a good way to get your levels back up however look into D3+K2 because in this combo K2 will help the calcium from D3 to go into bones instead of joints and arteries. 
I would also suggest looking into good brands but here you need to research what your market offers. Pay attention where the source of the D3 comes from or what is the country that manufactures it. Almost everything comes from China these days like brand â€œNowâ€. Those got a lot of silicones/fillers our bodies donâ€™t needâ€¦",1,2025-05-28 23:22:11,TRUE,t3_1kxlbc9,https://reddit.com/r/Supplements/comments/1kxlbc9/vitamin_d_supplements_vs_15_minutes_of_sun_why_is/murtbl1/,FALSE,0,0
muvqbbl,Intelligent-Elk-4806,"Some products they release are being sourced in China or at least used to when I was buying this brand 5 years ago. 
And by fillers I mean rather lubricants that help the product not to clump up to while being put into capsules like silicum or sterate..",1,2025-05-29 15:35:07,FALSE,t1_muto66y,https://reddit.com/r/Supplements/comments/1kxlbc9/vitamin_d_supplements_vs_15_minutes_of_sun_why_is/muvqbbl/,FALSE,0,0
muscdnx,JackDostoevsky,Intense sunlight is absolutely the best way to get Vitamin D; supplementation is significantly less bioavailable (but still important for a lot of people),1,2025-05-29 01:02:29,TRUE,t3_1kxlbc9,https://reddit.com/r/Supplements/comments/1kxlbc9/vitamin_d_supplements_vs_15_minutes_of_sun_why_is/muscdnx/,FALSE,0,0
mutz4q4,jennbenn5555,"Supplementing on its own, no matter the dose, does not replace being out in the sun for me. My low vit d levels trigger all sorts of weird skin issues. Supplementing definitely helps, but only spending at least 2-3 hours outside each day clears them up completely and keeps them from coming back. ðŸ¤·ðŸ»â€â™€ï¸",1,2025-05-29 07:05:16,TRUE,t3_1kxlbc9,https://reddit.com/r/Supplements/comments/1kxlbc9/vitamin_d_supplements_vs_15_minutes_of_sun_why_is/mutz4q4/,FALSE,0,0
muudrcn,jonoave,">It's wild how taking a proper lunch break feels like some kind of rebellion (at least to me lol)

What? I guess you're not local Dutch then as taking proper lunch breaks not at the desk is pretty common in many European countries.

Also UVB is peak in the afternoon. In Germany the guidelines are 10 minutes of sun exposure with exposed arms and legs in the afternoon is sufficient for the daily vitamin D dosage",1,2025-05-29 09:16:57,FALSE,t1_muqdnx5,https://reddit.com/r/Supplements/comments/1kxlbc9/vitamin_d_supplements_vs_15_minutes_of_sun_why_is/muudrcn/,FALSE,0,0
muspac1,Killit_Witfya,just take 5 of the small 5k softtabs instead of 1,1,2025-05-29 02:15:02,TRUE,t3_1kxlbc9,https://reddit.com/r/Supplements/comments/1kxlbc9/vitamin_d_supplements_vs_15_minutes_of_sun_why_is/muspac1/,FALSE,0,0
muqgfqv,kilogplastos-12,Ik stuur je even n dm,1,2025-05-28 19:30:47,FALSE,t1_muqe1kv,https://reddit.com/r/Supplements/comments/1kxlbc9/vitamin_d_supplements_vs_15_minutes_of_sun_why_is/muqgfqv/,FALSE,0,0
muv0ikm,kilogplastos-12,Ik heb je informatie gestuurd in je dm,1,2025-05-29 12:51:13,FALSE,t1_muqe1kv,https://reddit.com/r/Supplements/comments/1kxlbc9/vitamin_d_supplements_vs_15_minutes_of_sun_why_is/muv0ikm/,FALSE,0,0
muqf2jd,kukidog,Dam I think I need to check too. Last time my D was 7 or so,1,2025-05-28 19:24:06,TRUE,t3_1kxlbc9,https://reddit.com/r/Supplements/comments/1kxlbc9/vitamin_d_supplements_vs_15_minutes_of_sun_why_is/muqf2jd/,FALSE,0,0
muqfz8c,kukidog,They gave me 5000 UI to take once a week. I didn't check since around a year ago. Will go back to retest,1,2025-05-28 19:28:33,TRUE,t3_1kxlbc9,https://reddit.com/r/Supplements/comments/1kxlbc9/vitamin_d_supplements_vs_15_minutes_of_sun_why_is/muqfz8c/,FALSE,0,0
muu81p0,littlered379,Liquid form under tongue so it doesn't have to go through digestive tract.,1,2025-05-29 08:23:16,TRUE,t3_1kxlbc9,https://reddit.com/r/Supplements/comments/1kxlbc9/vitamin_d_supplements_vs_15_minutes_of_sun_why_is/muu81p0/,FALSE,0,0
muvggro,mikebrez5,How do get these test results? As in what testing system are you using?,1,2025-05-29 14:39:57,TRUE,t3_1kxlbc9,https://reddit.com/r/Supplements/comments/1kxlbc9/vitamin_d_supplements_vs_15_minutes_of_sun_why_is/muvggro/,FALSE,0,0
muqbxql,RealTelstar,you need at least 10k units. Everyone is different,1,2025-05-28 19:08:41,TRUE,t3_1kxlbc9,https://reddit.com/r/Supplements/comments/1kxlbc9/vitamin_d_supplements_vs_15_minutes_of_sun_why_is/muqbxql/,FALSE,0,0
murmi03,Suave7r,You also need magnesium to help absorb the D3,1,2025-05-28 22:49:39,TRUE,t3_1kxlbc9,https://reddit.com/r/Supplements/comments/1kxlbc9/vitamin_d_supplements_vs_15_minutes_of_sun_why_is/murmi03/,FALSE,0,0
musq80k,SusanG54,"What is your diet like? 
Have underlying causes been ruled out? 
Do you know if this is specifically an absorption issue?",1,2025-05-29 02:20:25,TRUE,t3_1kxlbc9,https://reddit.com/r/Supplements/comments/1kxlbc9/vitamin_d_supplements_vs_15_minutes_of_sun_why_is/musq80k/,FALSE,0,0
muv6r29,SwimOverYonder,My vitamin D is low as well,1,2025-05-29 13:37:27,TRUE,t3_1kxlbc9,https://reddit.com/r/Supplements/comments/1kxlbc9/vitamin_d_supplements_vs_15_minutes_of_sun_why_is/muv6r29/,FALSE,0,0
muqduhh,VitaminDJesus,"I wouldn't worry too much about a comparison to your friend. Differences in color of skin, body fat, and the genetic roll of the dice can affect your ability to produce and metabolize vitamin D. They may even be taking their shirt off whereas you are not.

The simple answer to increase your level is to increase your dosage. Some people utilize higher doses, known as loading doses, to get to a higher level and then switch to a maintenance dose like 5K IU. If your body ""uses 5K IU"" every day, then it won't really raise your level, so the loading dose gives extra to build up your stores. You could take 20K IU for a couple months, and then, switch to 5K.

What do you want your vitamin D level to be?

The loading and maintenance dose approach has a shortcoming. It can be tricky to dial in because of the fact that vitamin D intake correlates with blood level on a curve, meaning that 10K IU will not increase your blood level twice as much as 5K. There are some thoughts that this is because more vitamin D is used by the body once the storage level of vitamin D increases. So, 20K for two months might get you to 50 ng/ml, and then 5K holds you there for six months, but then your level slowly starts to decrease and your level slides back down in a couple years.

Do you mind sharing your weight? A good rule of thumb is 100 IU per kg, but this may need to be 150-200 IU per kg for those that are obese as fat sequesters vitamin D.

You can pick a dose that gets you to your target level and consistently take that. If you see progress on your test, but it's too slow, then you can increase your dose. If you end up overshooting, then you can back off.

Given your test results, I would consider taking 15K IU daily, and retest in a couple months. You may simply have a genetic variation that requires you to supplement a higher amount.

Another possibility is that you have a malabsorption issue. You can bypass the gut by putting the vitamin D oil under your tongue and letting it absorb. Either poke a hole in a softgel, and squirt it under your tongue or buy a liquid product in a dropper. So, if you try 15K IU for two months, and your level is not noticeably different, then you might switch to sublingual.",1,2025-05-28 19:18:06,TRUE,t3_1kxlbc9,https://reddit.com/r/Supplements/comments/1kxlbc9/vitamin_d_supplements_vs_15_minutes_of_sun_why_is/muqduhh/,FALSE,0,0
muqrojz,VitaminDJesus,"I respond well to supplements and take 10K IU daily. This, combined with some sun exposure, keeps me around the upper end of the reference range. I've played around with different doses, but I actually should get another test here soon to help track my long term progress.

My main point in describing different approaches is to equip you to make the best decisions for yourself. Different people have different capacities for following the details of a protocol and doing follow up testing.

I think the simplest approach is to take a consistent dose every day that will bring a level up to target and maintain it. Based on your results taking 5K IU for 8 months, I think you will need 15K to get and stay above 50 ng/ml. That is not factoring in the option of sublingual dosing if you have an absorption issue.

If you'd like to be cautious or more methodical, then increase to 10K, and retest in a month. You could even try 10K and do it sublingually to increase your chances of figuring it out sooner. In other words, you should expect to see a decent jump in your level with that combo. If you wanted to really isolate the malabsorption part, then that's another month and another test.

D3 is very cheap. What expense are you referring to? You do not need to buy the nicest brand; any major one will do. Get a pill planner.",1,2025-05-28 20:24:06,FALSE,t1_muqel53,https://reddit.com/r/Supplements/comments/1kxlbc9/vitamin_d_supplements_vs_15_minutes_of_sun_why_is/muqrojz/,FALSE,0,0
mut2ka1,zaddar1,"""High quality brand (Nordic Naturals 5000iu vitamin D)""

i wouldn't agree with that, the formulation uses vitamin E as an antioxidant which may not be effective compared to sodium sulphide, also virgin olive oil is problematic imo with its high peroxide levels

vitamin D is ""fragile"", i know nordic have a problem because they add ""rosemary extract"" as a preservative, but imo only sodium sulphite works and i have been taking one with it in for years  without problems (blackmores, an australian company)",1,2025-05-29 03:31:17,TRUE,t3_1kxlbc9,https://reddit.com/r/Supplements/comments/1kxlbc9/vitamin_d_supplements_vs_15_minutes_of_sun_why_is/mut2ka1/,FALSE,0,0
mus9kl5,kaqqao,"Yes, there are many magical things about the Sun that no supplement can replicate. Look up how vitamin D is synthesized (e.g. https://www.multiflora-herbs.com/blogs/news/the-truth-about-vitamin-d-synthesis) and you'll quickly realize why supplements are not the same thing. 15 minutes a day is ridiculously low though. Spend as much time in the sun as you possibly can. _Especially because you live in the Netherlands_.

Supplements are a way to fix a deficiency. They are _not_ a substitute for sunlight.",-2,2025-05-29 00:47:12,TRUE,t3_1kxlbc9,https://reddit.com/r/Supplements/comments/1kxlbc9/vitamin_d_supplements_vs_15_minutes_of_sun_why_is/mus9kl5/,FALSE,0,0